ADR Candidate,Decision to make,Primary drivers
ADR-001,Executable decision representation / DMN adoption level,"G3, performance, interoperability"
ADR-002,Distribution backbone: Kafka vs Redis-class mechanism vs alternative,"<=2s convergence, availability, operations"
ADR-003,Runtime artifact cache and eviction strategy,"latency, pinning, rollback eligibility"
ADR-004,Control Plane persistence/CQRS boundaries,"auditability, scale, consistency"
ADR-005,Trace ingestion and hot/cold storage architecture,"<=10% overhead, retention, compliance"
ADR-006,Tenant isolation physical model,"security, cost, scalability"
ADR-007,Canary stable hash algorithm and cohort expression model,"determinism, interoperability"
ADR-008,Schema compatibility model and registry implementation,"G8, integration safety"
ADR-009,Identity federation and enterprise authentication,"G7, enterprise integration"
ADR-010,Data Plane HA topology and SLO measurement,"99.99%, fault tolerance"
