ID,Source,Destination,Name,Represents
DF-01,Rule / Decision Author,RuleSphere,Rule Definition Data,"Rule definitions, decision models, decision tables, conditions, actions, metadata, data-contract references"
DF-02,Rule / Decision Author,RuleSphere,Rule Validation Request,"Validation requests, validation options, target rule/version"
DF-03,Rule / Decision Author,RuleSphere,Rule Test Data,"Test cases, test inputs, expected results, simulation inputs"
DF-04,Rule / Decision Author,RuleSphere,Rule Lifecycle Request,"Save, update, create version, submit for review, publish-related requests"
DF-05,RuleSphere,Rule / Decision Author,Rule Definition State,"Current rule/model content, draft state, version information, lifecycle state"
DF-06,RuleSphere,Rule / Decision Author,Validation Result,"Syntax errors, semantic errors, contract violations, dependency errors, validation status"
DF-07,RuleSphere,Rule / Decision Author,Test & Simulation Result,"Test results, simulation results, matched rules, execution details"
DF-08,RuleSphere,Rule / Decision Author,Change Information,"Version differences, change history, modification status"
DF-09,Reviewer / Approver,RuleSphere,Review Decision,"Approval, rejection, review comments, requested changes"
DF-10,Reviewer / Approver,RuleSphere,Governance Action,"Promotion authorization, lifecycle authorization, governance actions"
DF-11,RuleSphere,Reviewer / Approver,Review Package,"Rule version, change diff, metadata, author information"
DF-12,RuleSphere,Reviewer / Approver,Validation & Test Evidence,"Validation results, test results, simulation evidence"
DF-13,RuleSphere,Reviewer / Approver,Governance Status,"Approval status, lifecycle state, governance violations, review history"
DF-14,Platform Administrator,RuleSphere,Platform Configuration,"Workspace, tenant, environment, platform settings"
DF-15,Platform Administrator,RuleSphere,Access Control Configuration,"Users, roles, permissions, RBAC policies"
DF-16,Platform Administrator,RuleSphere,Governance Configuration,"Governance policies, lifecycle policies, retention policies"
DF-17,RuleSphere,Platform Administrator,Platform Configuration State,"Current platform, workspace, environment and governance configuration"
DF-18,RuleSphere,Platform Administrator,Administration Result,"Configuration result, validation errors, administrative action status"
DF-19,RuleSphere,Platform Administrator,Access Control Information,"Users, roles, permissions, access-policy state"
DF-20,Operations / SRE,RuleSphere,Deployment Request,"Deploy, promote, activate, deactivate rule versions"
DF-21,Operations / SRE,RuleSphere,Rollout Configuration,"Canary settings, traffic allocation, shadow-mode settings"
DF-22,Operations / SRE,RuleSphere,Rollback Request,"Rollback target, previous version, rollback command"
DF-23,Operations / SRE,RuleSphere,Operational Control Request,"Pause, resume, retry, operational queries"
DF-24,RuleSphere,Operations / SRE,Deployment Status,"Deployment progress, success/failure, active version"
DF-25,RuleSphere,Operations / SRE,Rollout Status,"Canary status, shadow status, traffic distribution state"
DF-26,RuleSphere,Operations / SRE,Runtime Status,"Runtime health, availability, execution-node state"
DF-27,RuleSphere,Operations / SRE,Distribution Status,"Artifact distribution state, synchronization/convergence status"
DF-28,RuleSphere,Operations / SRE,Operational Alert,"Deployment failures, runtime failures, convergence problems"
DF-29,Decision Consumer,RuleSphere,Decision Request,"Decision identifier, requested operation, execution options"
DF-30,Decision Consumer,RuleSphere,Decision Input Data,"Business facts, input attributes, decision context"
DF-31,Decision Consumer,RuleSphere,Request Context,"Correlation ID, trace context, request metadata"
DF-32,RuleSphere,Decision Consumer,Decision Result,"Decision outcome, calculated outputs, returned business data"
DF-33,RuleSphere,Decision Consumer,Decision Explanation,"Matched rules, reason information, explanation metadata"
DF-34,RuleSphere,Decision Consumer,Execution Metadata,"Executed version, execution identifiers, timing/correlation information"
DF-35,RuleSphere,Decision Consumer,Decision Error,"Validation failure, unavailable decision, execution failure, error details"
DF-36,RuleSphere,Identity Provider,Authentication Request,"Login, federation, identity-authentication request"
DF-37,RuleSphere,Identity Provider,Token Validation Request,"Token introspection, validation, identity lookup"
DF-38,Identity Provider,RuleSphere,Authentication Result,"Authentication success/failure, identity assertion"
DF-39,Identity Provider,RuleSphere,Identity & Access Claims,"User identity, roles, groups, claims"
DF-40,Identity Provider,RuleSphere,Security Token,"Access token, ID token, authentication token"
DF-41,CI/CD & Automation,RuleSphere,Automated Validation Request,Rule/model validation requests from pipelines
DF-42,CI/CD & Automation,RuleSphere,Automated Test Request,"Test execution, regression test, simulation request"
DF-43,CI/CD & Automation,RuleSphere,Release Request,"Package, publish, promote or release commands"
DF-44,CI/CD & Automation,RuleSphere,Automated Deployment Request,Deployment and rollback commands
DF-45,RuleSphere,CI/CD & Automation,Validation & Test Result,"Validation status, test status, error details"
DF-46,RuleSphere,CI/CD & Automation,Release Result,"Artifact/version identifiers, package status, release status"
DF-47,RuleSphere,CI/CD & Automation,Deployment Result,"Deployment status, rollout status, deployment errors"
DF-48,RuleSphere,Observability Platform,Metrics Data,"Latency, throughput, error rate, rule evaluation metrics"
DF-49,RuleSphere,Observability Platform,Log Data,"Application logs, runtime logs, deployment logs"
DF-50,RuleSphere,Observability Platform,Trace Data,"Distributed traces, execution traces, correlation data"
DF-51,RuleSphere,Observability Platform,Health Data,"Runtime health, component health, deployment health"
DF-52,Observability Platform,RuleSphere,Monitoring Request,"Health checks, scrape requests, telemetry queries"
DF-53,RuleSphere,Audit / SIEM,Audit Event Data,"Rule changes, approvals, deployments, configuration changes"
DF-54,RuleSphere,Audit / SIEM,Security Event Data,"Authentication, authorization, access and security events"
DF-55,RuleSphere,Audit / SIEM,Governance Event Data,"Approval, rejection, promotion and lifecycle events"
DF-56,Audit / SIEM,RuleSphere,Audit Query,"Audit search, filtering, retrieval requests"
DF-57,Audit / SIEM,RuleSphere,Audit Export Request,"Compliance exports, audit extraction requests"
