Requirement,Use-case source,Sequence source,Communication source,Activity source,Review status,Note
UC-01,use-case-diagrams/01_Administration.puml:38,sequence-diagrams/01_Administration.puml,communication-diagrams/01_Administration.puml,activity-diagrams/01_Administration.puml,Present in grouped model; not certified complete,Main behavior present; scenario-level matrix still required
UC-02,use-case-diagrams/01_Administration.puml:42,sequence-diagrams/01_Administration.puml,communication-diagrams/01_Administration.puml,activity-diagrams/01_Administration.puml,Present in grouped model; not certified complete,Main behavior present; scenario-level matrix still required
UC-03,use-case-diagrams/01_Administration.puml:46,sequence-diagrams/01_Administration.puml,communication-diagrams/01_Administration.puml,activity-diagrams/01_Administration.puml,Present in grouped model; not certified complete,Main behavior present; scenario-level matrix still required
UC-04,use-case-diagrams/01_Administration.puml:50,sequence-diagrams/01_Administration.puml,communication-diagrams/01_Administration.puml,activity-diagrams/01_Administration.puml,Present in grouped model; not certified complete,Validation/publication shown; exact asset-owner role mapping needs consolidation
UC-05,use-case-diagrams/02_Decision_Modeling.puml:38,sequence-diagrams/02_Decision_Modeling.puml,communication-diagrams/02_Decision_Modeling.puml,activity-diagrams/02_Decision_Modeling.puml,Present in grouped model; not certified complete,Main behavior present; scenario-level matrix still required
UC-06,use-case-diagrams/02_Decision_Modeling.puml:42,sequence-diagrams/02_Decision_Modeling.puml,communication-diagrams/02_Decision_Modeling.puml,activity-diagrams/02_Decision_Modeling.puml,Present in grouped model; not certified complete,Main behavior present; scenario-level matrix still required
UC-07,use-case-diagrams/02_Decision_Modeling.puml:53,sequence-diagrams/02_Decision_Modeling.puml,communication-diagrams/02_Decision_Modeling.puml,activity-diagrams/02_Decision_Modeling.puml,Present in grouped model; not certified complete,Grouped with draft editing; add standalone schema-version scenario mapping
UC-08,use-case-diagrams/02_Decision_Modeling.puml:57,sequence-diagrams/02_Decision_Modeling.puml,communication-diagrams/02_Decision_Modeling.puml,activity-diagrams/02_Decision_Modeling.puml,Present in grouped model; not certified complete,Sequence lacks current-request authorization shown by communication/activity (F-08)
UC-09,use-case-diagrams/02_Decision_Modeling.puml:62,sequence-diagrams/02_Decision_Modeling.puml,communication-diagrams/02_Decision_Modeling.puml,activity-diagrams/02_Decision_Modeling.puml,Present in grouped model; not certified complete,Main behavior present; scenario-level matrix still required
UC-10,use-case-diagrams/03_Governance_and_Approval.puml:42,sequence-diagrams/03_Governance_and_Approval.puml,communication-diagrams/03_Governance_and_Approval.puml,activity-diagrams/03_Governance_and_Approval.puml,Present in grouped model; not certified complete,Main behavior present; scenario-level matrix still required
UC-11,use-case-diagrams/03_Governance_and_Approval.puml:43,sequence-diagrams/03_Governance_and_Approval.puml,communication-diagrams/03_Governance_and_Approval.puml,activity-diagrams/03_Governance_and_Approval.puml,Present in grouped model; not certified complete,Main behavior present; scenario-level matrix still required
UC-12,use-case-diagrams/03_Governance_and_Approval.puml:49,sequence-diagrams/03_Governance_and_Approval.puml,communication-diagrams/03_Governance_and_Approval.puml,activity-diagrams/03_Governance_and_Approval.puml,Present in grouped model; not certified complete,Reject lifecycle conflicts with state machine (F-06)
UC-13,use-case-diagrams/03_Governance_and_Approval.puml:57,sequence-diagrams/03_Governance_and_Approval.puml,communication-diagrams/03_Governance_and_Approval.puml,activity-diagrams/03_Governance_and_Approval.puml,Present in grouped model; not certified complete,Approval reuse after upward override remains ADR/policy
UC-14,use-case-diagrams/03_Governance_and_Approval.puml:58,sequence-diagrams/03_Governance_and_Approval.puml,communication-diagrams/03_Governance_and_Approval.puml,activity-diagrams/03_Governance_and_Approval.puml,Present in grouped model; not certified complete,Main behavior present; scenario-level matrix still required
UC-15,use-case-diagrams/04_Deployment_and_Distribution.puml:41,sequence-diagrams/04_Shadow_and_Canary.puml,communication-diagrams/04_Shadow_and_Canary.puml,activity-diagrams/04_Shadow_and_Canary.puml,Present in grouped model; not certified complete,State diagram excludes Shadow/Canary coexistence (F-05)
UC-16,use-case-diagrams/04_Deployment_and_Distribution.puml:44,sequence-diagrams/04_Shadow_and_Canary.puml,communication-diagrams/04_Shadow_and_Canary.puml,activity-diagrams/04_Shadow_and_Canary.puml,Present in grouped model; not certified complete,Analysis query independent; separate from rollout control flow (F-14)
UC-17,use-case-diagrams/04_Deployment_and_Distribution.puml:47,sequence-diagrams/04_Shadow_and_Canary.puml,communication-diagrams/04_Shadow_and_Canary.puml,activity-diagrams/04_Shadow_and_Canary.puml,Present in grouped model; not certified complete,Routing precedence and missing Subject-Key semantics remain ADR/API decisions
UC-18,use-case-diagrams/04_Deployment_and_Distribution.puml:53,sequence-diagrams/05_Deployment_and_Convergence.puml,communication-diagrams/05_Deployment_and_Convergence.puml,activity-diagrams/05_Deployment_and_Convergence.puml,Present in grouped model; not certified complete,Main behavior present; scenario-level matrix still required
UC-19,use-case-diagrams/04_Deployment_and_Distribution.puml:54,sequence-diagrams/05_Deployment_and_Convergence.puml,communication-diagrams/05_Deployment_and_Convergence.puml,activity-diagrams/05_Deployment_and_Convergence.puml,Present in grouped model; not certified complete,Main behavior present; scenario-level matrix still required
UC-20,use-case-diagrams/04_Deployment_and_Distribution.puml:59,sequence-diagrams/05_Deployment_and_Convergence.puml,communication-diagrams/05_Deployment_and_Convergence.puml,activity-diagrams/05_Deployment_and_Convergence.puml,Present in grouped model; not certified complete,Fleet activity concurrency summarized in prose; state guard missing eligible check (F-10/F-14)
UC-21,use-case-diagrams/05_Runtime_and_Integration.puml:41,sequence-diagrams/06_Runtime_Evaluation.puml,communication-diagrams/06_Runtime_Evaluation.puml,activity-diagrams/06_Runtime_Evaluation.puml,Present in grouped model; not certified complete,State response waits for persistence; snapshot binding incomplete (F-07/F-11)
UC-22,use-case-diagrams/05_Runtime_and_Integration.puml:42,sequence-diagrams/06_Runtime_Evaluation.puml,communication-diagrams/06_Runtime_Evaluation.puml,activity-diagrams/06_Runtime_Evaluation.puml,Present in grouped model; not certified complete,Shared abstract adapter; map to actual REST/gRPC classes (F-09)
UC-23,use-case-diagrams/05_Runtime_and_Integration.puml:43,sequence-diagrams/06_Runtime_Evaluation.puml,communication-diagrams/06_Runtime_Evaluation.puml,activity-diagrams/06_Runtime_Evaluation.puml,Present in grouped model; not certified complete,Pin success/failure depicted; verify no mixed snapshot scenario (F-11)
UC-24,use-case-diagrams/05_Runtime_and_Integration.puml:58,sequence-diagrams/07_Trace_Capture.puml,communication-diagrams/07_Trace_Capture.puml,activity-diagrams/07_Trace_Capture.puml,Present in grouped model; not certified complete,"Capture modeled, but lifetime differs in state machine (F-07)"
UC-25,use-case-diagrams/06_Audit_and_Observability.puml:43,sequence-diagrams/08_Historical_Explain_and_Audit.puml,communication-diagrams/08_Historical_Explain_and_Audit.puml,activity-diagrams/08_Historical_Explain_and_Audit.puml,Present in grouped model; not certified complete,Main behavior present; scenario-level matrix still required
UC-26,use-case-diagrams/06_Audit_and_Observability.puml:49,sequence-diagrams/08_Historical_Explain_and_Audit.puml,communication-diagrams/08_Historical_Explain_and_Audit.puml,activity-diagrams/08_Historical_Explain_and_Audit.puml,Present in grouped model; not certified complete,Main behavior present; scenario-level matrix still required
UC-27,use-case-diagrams/06_Audit_and_Observability.puml:55,sequence-diagrams/05_Deployment_and_Convergence.puml,communication-diagrams/05_Deployment_and_Convergence.puml,activity-diagrams/05_Deployment_and_Convergence.puml,Present in grouped model; not certified complete,Observation is independent; do not require completed rollout (F-14)
NFR-INT-001 / F34 / D05.18-20,use-case-diagrams/05_Runtime_and_Integration.puml,,,,Behavioral realization missing,ContractDiscovery exists in class model; no explicit discovery scenario in dynamic diagrams (F-12)
